0,0,0,-0.216748768,-0.024630542,-0.389162562,-0.147783251,-0.487684729,-0.285714286,-0.586206897,-0.389162562,-0.315270936,-0.458128079,-0.418719212,-0.625615764,-0.467980296,-0.738916256,-0.497536946,-0.837438424,-0.192118227,-0.517241379,-0.251231527,-0.733990148,-0.285714286,-0.871921182,-0.305418719,-0.990147783,-0.064039409,-0.522167488,-0.078817734,-0.733990148,-0.083743842,-0.876847291,-0.088669951,-1,0.064039409,-0.477832512,0.098522167,-0.640394089,0.113300493,-0.748768473,0.118226601,-0.84729064
0,0,0,-0.213930348,0.034825871,-0.422885572,-0.044776119,-0.587064677,-0.119402985,-0.731343284,-0.144278607,-0.427860697,-0.378109453,-0.592039801,-0.512437811,-0.691542289,-0.611940299,-0.776119403,-0.701492537,-0.308457711,-0.472636816,-0.437810945,-0.676616915,-0.517412935,-0.810945274,-0.582089552,-0.935323383,-0.169154229,-0.497512438,-0.228855721,-0.71641791,-0.273631841,-0.865671642,-0.313432836,-1,-0.009950249,-0.472636816,0.029850746,-0.651741294,0.059701493,-0.776119403,0.074626866,-0.895522388
0,0,0,-0.201877934,0.103286385,-0.436619718,0.103286385,-0.624413146,0.075117371,-0.76056338,0.107981221,-0.55399061,-0.197183099,-0.765258216,-0.253521127,-0.892018779,-0.305164319,-1,-0.352112676,-0.488262911,-0.323943662,-0.699530516,-0.450704225,-0.82629108,-0.539906103,-0.929577465,-0.615023474,-0.375586854,-0.408450704,-0.549295775,-0.563380282,-0.65258216,-0.671361502,-0.746478873,-0.769953052,-0.234741784,-0.450704225,-0.309859155,-0.605633803,-0.361502347,-0.713615023,-0.417840376,-0.812206573
0,0,0,-0.154506438,0.13304721,-0.369098712,0.180257511,-0.549356223,0.188841202,-0.669527897,0.253218884,-0.549356223,-0.060085837,-0.751072961,-0.068669528,-0.871244635,-0.077253219,-0.974248927,-0.090128755,-0.52360515,-0.188841202,-0.746781116,-0.266094421,-0.879828326,-0.309012876,-1,-0.347639485,-0.446351931,-0.283261803,-0.630901288,-0.394849785,-0.74248927,-0.472103004,-0.849785408,-0.532188841,-0.330472103,-0.343347639,-0.433476395,-0.47639485,-0.497854077,-0.566523605,-0.56223176,-0.64806867
0,0,0,-0.106995885,0.16872428,-0.283950617,0.283950617,-0.436213992,0.349794239,-0.534979424,0.432098765,-0.526748971,0.106995885,-0.711934156,0.156378601,-0.827160494,0.185185185,-0.925925926,0.209876543,-0.53909465,-0.020576132,-0.75308642,-0.032921811,-0.884773663,-0.041152263,-1,-0.04526749,-0.49382716,-0.127572016,-0.691358025,-0.176954733,-0.814814815,-0.21399177,-0.9218107,-0.242798354,-0.407407407,-0.222222222,-0.526748971,-0.312757202,-0.609053498,-0.37037037,-0.687242798,-0.419753086
0,0,0,-0.055793991,0.197424893,-0.193133047,0.356223176,-0.313304721,0.472103004,-0.377682403,0.592274678,-0.484978541,0.253218884,-0.643776824,0.373390558,-0.74248927,0.446351931,-0.832618026,0.515021459,-0.532188841,0.13304721,-0.746781116,0.193133047,-0.884120172,0.244635193,-1,0.283261803,-0.519313305,0.008583691,-0.721030043,0.008583691,-0.849785408,0.017167382,-0.965665236,0.025751073,-0.463519313,-0.103004292,-0.605150215,-0.158798283,-0.708154506,-0.188841202,-0.811158798,-0.210300429
0,0,0,-0.157407407,-0.143518519,-0.222222222,-0.375,-0.263888889,-0.537037037,-0.333333333,-0.685185185,-0.050925926,-0.527777778,-0.046296296,-0.74537037,-0.050925926,-0.87962963,-0.064814815,-1,0.055555556,-0.467592593,0.12037037,-0.680555556,0.148148148,-0.814814815,0.175925926,-0.953703704,0.12962963,-0.356481481,0.236111111,-0.509259259,0.287037037,-0.634259259,0.328703704,-0.763888889,0.175925926,-0.199074074,0.305555556,-0.25,0.375,-0.300925926,0.435185185,-0.365740741
0,0,0,-0.174358974,-0.225641026,-0.225641026,-0.420512821,-0.246153846,-0.574358974,-0.287179487,-0.748717949,-0.087179487,-0.492307692,-0.076923077,-0.697435897,-0.087179487,-0.856410256,-0.107692308,-1,-0.025641026,-0.369230769,0.01025641,-0.574358974,0.01025641,-0.733333333,0.005128205,-0.871794872,0.005128205,-0.21025641,0.051282051,-0.348717949,0.056410256,-0.482051282,0.051282051,-0.6,0.015384615,-0.030769231,0.035897436,-0.041025641,0.030769231,-0.092307692,0.020512821,-0.138461538
0,0,0,-0.075,0.225,-0.21875,0.3375,-0.325,0.4375,-0.38125,0.53125,-0.325,-0.0875,-0.44375,-0.11875,-0.44375,-0.1375,-0.4,-0.15625,-0.25,-0.28125,-0.375,-0.425,-0.39375,-0.56875,-0.4125,-0.7375,-0.1375,-0.4,-0.20625,-0.625,-0.2125,-0.8,-0.2125,-0.98125,-0.0125,-0.475,-0.0625,-0.7,-0.06875,-0.85,-0.06875,-1
0,0,0,-0.117241379,0.24137931,-0.289655172,0.365517241,-0.372413793,0.517241379,-0.413793103,0.675862069,-0.317241379,-0.006896552,-0.434482759,0,-0.386206897,0.006896552,-0.317241379,-0.020689655,-0.2,-0.2,-0.317241379,-0.413793103,-0.324137931,-0.593103448,-0.337931034,-0.786206897,-0.068965517,-0.331034483,-0.151724138,-0.6,-0.151724138,-0.786206897,-0.137931034,-0.972413793,0.075862069,-0.413793103,0.020689655,-0.655172414,0.020689655,-0.820689655,0.027586207,-1
0,0,0,-0.392156863,0.12745098,-0.68627451,0.166666667,-0.862745098,0.264705882,-1,0.333333333,-0.62745098,-0.137254902,-0.81372549,-0.274509804,-0.921568627,-0.294117647,-0.970588235,-0.225490196,-0.323529412,-0.245098039,-0.460784314,-0.450980392,-0.558823529,-0.460784314,-0.578431373,-0.401960784,0.019607843,-0.235294118,0.019607843,-0.460784314,-0.009803922,-0.529411765,0,-0.509803922,0.382352941,-0.137254902,0.62745098,-0.235294118,0.803921569,-0.264705882,0.950980392,-0.235294118
0,0,0,-0.285714286,0.019480519,-0.551948052,-0.090909091,-0.753246753,-0.162337662,-0.941558442,-0.227272727,-0.402597403,-0.376623377,-0.538961039,-0.590909091,-0.597402597,-0.720779221,-0.642857143,-0.837662338,-0.194805195,-0.428571429,-0.214285714,-0.688311688,-0.194805195,-0.844155844,-0.175324675,-1,0,-0.396103896,0.077922078,-0.62987013,0.149350649,-0.779220779,0.220779221,-0.928571429,0.188311688,-0.298701299,0.363636364,-0.441558442,0.480519481,-0.525974026,0.590909091,-0.62987013
0,0,0,-0.294117647,-0.029411765,-0.566176471,-0.198529412,-0.764705882,-0.345588235,-0.963235294,-0.485294118,-0.375,-0.426470588,-0.477941176,-0.691176471,-0.529411765,-0.852941176,-0.588235294,-1,-0.125,-0.426470588,-0.117647059,-0.661764706,-0.088235294,-0.808823529,-0.066176471,-0.955882353,0.095588235,-0.323529412,0.169117647,-0.514705882,0.25,-0.639705882,0.323529412,-0.772058824,0.272058824,-0.169117647,0.448529412,-0.205882353,0.595588235,-0.227941176,0.735294118,-0.286764706
0,0,0,-0.26,-0.106666667,-0.426666667,-0.306666667,-0.533333333,-0.473333333,-0.68,-0.646666667,-0.28,-0.48,-0.326666667,-0.713333333,-0.373333333,-0.866666667,-0.44,-1,-0.12,-0.42,-0.106666667,-0.626666667,-0.146666667,-0.746666667,-0.22,-0.833333333,0.013333333,-0.293333333,0.08,-0.446666667,0.033333333,-0.553333333,-0.04,-0.633333333,0.126666667,-0.126666667,0.213333333,-0.193333333,0.22,-0.253333333,0.186666667,-0.306666667
0,0,0,-0.251497006,-0.149700599,-0.395209581,-0.341317365,-0.48502994,-0.508982036,-0.604790419,-0.682634731,-0.251497006,-0.491017964,-0.305389222,-0.724550898,-0.365269461,-0.868263473,-0.443113772,-1,-0.131736527,-0.401197605,-0.125748503,-0.628742515,-0.191616766,-0.760479042,-0.281437126,-0.874251497,-0.023952096,-0.25748503,0.017964072,-0.431137725,-0.041916168,-0.562874251,-0.113772455,-0.670658683,0.065868263,-0.077844311,0.131736527,-0.149700599,0.131736527,-0.22754491,0.101796407,-0.299401198
1,0,0,-0.4,-0.125,-0.675,-0.433333333,-0.716666667,-0.775,-0.55,-1,-0.5,-0.783333333,-0.641666667,-0.933333333,-0.558333333,-0.65,-0.483333333,-0.625,-0.3,-0.825,-0.458333333,-0.933333333,-0.375,-0.575,-0.3,-0.616666667,-0.091666667,-0.825,-0.25,-0.908333333,-0.216666667,-0.558333333,-0.133333333,-0.583333333,0.116666667,-0.816666667,-0.041666667,-0.891666667,-0.066666667,-0.641666667,0.008333333,-0.608333333
1,0,0,-0.308411215,-0.028037383,-0.626168224,-0.205607477,-0.700934579,-0.46728972,-0.495327103,-0.672897196,-0.542056075,-0.869158879,-0.598130841,-0.887850467,-0.626168224,-0.794392523,-0.635514019,-0.747663551,-0.261682243,-1,-0.364485981,-0.775700935,-0.336448598,-0.457943925,-0.299065421,-0.448598131,0.018691589,-0.981308411,-0.08411215,-0.728971963,-0.112149533,-0.429906542,-0.093457944,-0.46728972,0.289719626,-0.887850467,0.205607477,-0.672897196,0.121495327,-0.439252336,0.102803738,-0.457943925
1,0,0,-0.404255319,0.021276596,-0.734042553,0,-0.808510638,-0.042553191,-0.563829787,-0.117021277,-0.734042553,-0.872340426,-0.819148936,-0.606382979,-0.723404255,-0.372340426,-0.659574468,-0.361702128,-0.382978723,-1,-0.489361702,-0.414893617,-0.436170213,-0.180851064,-0.404255319,-0.255319149,-0.053191489,-0.925531915,-0.14893617,-0.319148936,-0.20212766,-0.127659574,-0.20212766,-0.212765957,0.234042553,-0.755319149,0.127659574,-0.265957447,0.010638298,-0.106382979,-0.021276596,-0.159574468
1,0,0,-0.405172414,-0.051724138,-0.698275862,-0.120689655,-0.939655172,-0.137931034,-1,-0.129310345,-0.577586207,-0.724137931,-0.922413793,-0.465517241,-0.887931034,-0.301724138,-0.818965517,-0.310344828,-0.413793103,-0.689655172,-0.810344828,-0.25862069,-0.681034483,-0.112068966,-0.568965517,-0.215517241,-0.267241379,-0.543103448,-0.646551724,-0.112068966,-0.525862069,-0.017241379,-0.422413793,-0.129310345,-0.155172414,-0.344827586,-0.456896552,0,-0.379310345,0.060344828,-0.275862069,-0.043103448
1,0,0,-0.439252336,-0.093457944,-0.710280374,-0.355140187,-0.878504673,-0.579439252,-0.897196262,-0.757009346,-0.336448598,-0.990654206,-0.813084112,-0.859813084,-0.747663551,-0.61682243,-0.588785047,-0.607476636,-0.177570093,-1,-0.728971963,-0.76635514,-0.607476636,-0.495327103,-0.439252336,-0.514018692,-0.065420561,-0.897196262,-0.588785047,-0.635514019,-0.476635514,-0.392523364,-0.317757009,-0.420560748,-0.018691589,-0.738317757,-0.439252336,-0.504672897,-0.364485981,-0.299065421,-0.214953271,-0.289719626
1,0,0,-0.377192982,-0.192982456,-0.561403509,-0.526315789,-0.631578947,-0.807017544,-0.561403509,-1,-0.070175439,-0.956140351,-0.473684211,-0.964912281,-0.464912281,-0.684210526,-0.333333333,-0.605263158,0.070175439,-0.973684211,-0.429824561,-0.938596491,-0.385964912,-0.622807018,-0.236842105,-0.587719298,0.140350877,-0.921052632,-0.368421053,-0.868421053,-0.315789474,-0.578947368,-0.149122807,-0.543859649,0.157894737,-0.824561404,-0.271929825,-0.780701754,-0.254385965,-0.543859649,-0.087719298,-0.48245614
1,0,0,-0.367521368,0.102564103,-0.615384615,-0.051282051,-0.820512821,-0.222222222,-1,-0.367521368,-0.427350427,-0.606837607,-0.786324786,-0.461538462,-0.717948718,-0.247863248,-0.581196581,-0.170940171,-0.418803419,-0.692307692,-0.854700855,-0.427350427,-0.700854701,-0.205128205,-0.504273504,-0.188034188,-0.427350427,-0.717948718,-0.871794872,-0.427350427,-0.683760684,-0.222222222,-0.487179487,-0.230769231,-0.452991453,-0.709401709,-0.820512821,-0.427350427,-0.666666667,-0.247863248,-0.478632479,-0.264957265
1,0,0,-0.294871795,0.128205128,-0.628205128,0.08974359,-0.865384615,0,-0.935897436,-0.147435897,-0.820512821,-0.557692308,-1,-0.282051282,-0.794871795,-0.128205128,-0.673076923,-0.173076923,-0.647435897,-0.698717949,-0.814102564,-0.282051282,-0.596153846,-0.115384615,-0.5,-0.211538462,-0.448717949,-0.717948718,-0.564102564,-0.282051282,-0.397435897,-0.141025641,-0.333333333,-0.230769231,-0.243589744,-0.666666667,-0.33974359,-0.282051282,-0.237179487,-0.147435897,-0.16025641,-0.211538462
1,0,0,-0.296610169,0.169491525,-0.262711864,0.211864407,0.237288136,0.110169492,0.703389831,-0.228813559,-0.474576271,-0.669491525,-0.127118644,-0.584745763,0.144067797,-0.423728814,0.296610169,-0.389830508,-0.127118644,-0.93220339,0.262711864,-0.669491525,0.36440678,-0.288135593,0.338983051,-0.211864407,0.254237288,-1,0.661016949,-0.5,0.516949153,-0.127118644,0.313559322,-0.127118644,0.584745763,-0.93220339,0.889830508,-0.508474576,0.720338983,-0.245762712,0.533898305,-0.262711864
1,0,0,-0.313253012,-0.13253012,-0.506024096,-0.409638554,-0.337349398,-0.710843373,-0.084337349,-0.891566265,-0.578313253,-0.819277108,-0.662650602,-0.939759036,-0.530120482,-0.710843373,-0.469879518,-0.590361446,-0.325301205,-0.903614458,-0.277108434,-0.987951807,-0.204819277,-0.674698795,-0.228915663,-0.56626506,-0.084337349,-0.927710843,0.024096386,-1,0.036144578,-0.65060241,-0.012048193,-0.530120482,0.144578313,-0.891566265,0.240963855,-0.951807229,0.21686747,-0.710843373,0.156626506,-0.590361446
1,0,0,-0.291666667,-0.083333333,-0.5625,-0.322916667,-0.416666667,-0.427083333,-0.125,-0.489583333,-0.302083333,-0.989583333,-0.270833333,-0.75,-0.28125,-0.5,-0.291666667,-0.541666667,0.010416667,-1,-0.010416667,-0.59375,-0.09375,-0.333333333,-0.104166667,-0.395833333,0.270833333,-0.885416667,0.21875,-0.447916667,0.083333333,-0.239583333,0.072916667,-0.322916667,0.46875,-0.71875,0.427083333,-0.375,0.270833333,-0.208333333,0.229166667,-0.270833333
1,0,0,-0.426829268,0.024390244,-0.817073171,-0.048780488,-1,-0.146341463,-0.841463415,-0.256097561,-0.731707317,-0.914634146,-0.926829268,-0.573170732,-0.792682927,-0.341463415,-0.707317073,-0.365853659,-0.426829268,-0.963414634,-0.670731707,-0.463414634,-0.548780488,-0.268292683,-0.463414634,-0.353658537,-0.158536585,-0.853658537,-0.365853659,-0.341463415,-0.304878049,-0.182926829,-0.231707317,-0.280487805,0.06097561,-0.682926829,-0.109756098,-0.280487805,-0.109756098,-0.158536585,-0.048780488,-0.243902439
1,0,0,-0.416666667,0.027777778,-0.722222222,-0.046296296,-0.953703704,-0.074074074,-1,-0.101851852,-0.62962963,-0.638888889,-0.962962963,-0.333333333,-0.842592593,-0.157407407,-0.722222222,-0.203703704,-0.481481481,-0.648148148,-0.861111111,-0.240740741,-0.703703704,-0.083333333,-0.583333333,-0.157407407,-0.361111111,-0.555555556,-0.694444444,-0.157407407,-0.564814815,-0.037037037,-0.462962963,-0.092592593,-0.268518519,-0.398148148,-0.527777778,-0.083333333,-0.435185185,0.009259259,-0.333333333,-0.037037037
1,0,0,-0.371681416,0.088495575,-0.654867257,0,-0.867256637,-0.044247788,-1,-0.10619469,-0.646017699,-0.522123894,-0.911504425,-0.221238938,-0.778761062,-0.07079646,-0.663716814,-0.123893805,-0.566371681,-0.557522124,-0.89380531,-0.150442478,-0.725663717,-0.026548673,-0.601769912,-0.088495575,-0.486725664,-0.504424779,-0.805309735,-0.10619469,-0.637168142,0.017699115,-0.513274336,-0.03539823,-0.442477876,-0.380530973,-0.681415929,-0.053097345,-0.548672566,0.044247788,-0.424778761,-0.008849558
1,0,0,-0.306930693,0.138613861,-0.603960396,0.059405941,-0.841584158,-0.02970297,-1,-0.148514851,-0.504950495,-0.504950495,-0.891089109,-0.237623762,-0.752475248,-0.079207921,-0.594059406,-0.079207921,-0.485148515,-0.584158416,-0.891089109,-0.227722772,-0.742574257,-0.079207921,-0.594059406,-0.089108911,-0.455445545,-0.594059406,-0.881188119,-0.237623762,-0.732673267,-0.108910891,-0.594059406,-0.118811881,-0.455445545,-0.534653465,-0.792079208,-0.257425743,-0.702970297,-0.108910891,-0.584158416,-0.099009901
2,0,0,-0.188172043,-0.005376344,-0.408602151,-0.161290323,-0.564516129,-0.258064516,-0.720430108,-0.295698925,-0.284946237,-0.483870968,-0.317204301,-0.693548387,-0.317204301,-0.849462366,-0.306451613,-1,-0.134408602,-0.564516129,-0.086021505,-0.397849462,-0.096774194,-0.193548387,-0.11827957,-0.150537634,0.021505376,-0.548387097,0.059139785,-0.370967742,0.021505376,-0.220430108,-0.010752688,-0.209677419,0.166666667,-0.510752688,0.209677419,-0.365591398,0.150537634,-0.231182796,0.107526882,-0.220430108
2,0,0,-0.170403587,-0.013452915,-0.349775785,-0.147982063,-0.479820628,-0.237668161,-0.618834081,-0.295964126,-0.224215247,-0.475336323,-0.242152466,-0.69955157,-0.237668161,-0.860986547,-0.224215247,-1,-0.076233184,-0.502242152,-0.004484305,-0.502242152,-0.01793722,-0.295964126,-0.049327354,-0.188340807,0.062780269,-0.475336323,0.134529148,-0.434977578,0.098654709,-0.269058296,0.044843049,-0.192825112,0.188340807,-0.426008969,0.260089686,-0.417040359,0.210762332,-0.286995516,0.152466368,-0.224215247
2,0,0,-0.235849057,-0.056603774,-0.410377358,-0.221698113,-0.528301887,-0.344339623,-0.660377358,-0.433962264,-0.306603774,-0.514150943,-0.367924528,-0.735849057,-0.405660377,-0.877358491,-0.433962264,-1,-0.174528302,-0.54245283,-0.325471698,-0.471698113,-0.33490566,-0.316037736,-0.287735849,-0.240566038,-0.066037736,-0.504716981,-0.221698113,-0.396226415,-0.235849057,-0.259433962,-0.193396226,-0.212264151,0.028301887,-0.429245283,-0.094339623,-0.330188679,-0.136792453,-0.231132075,-0.127358491,-0.202830189
2,0,0,-0.24796748,0.06504065,-0.516260163,-0.012195122,-0.691056911,-0.077235772,-0.857723577,-0.077235772,-0.548780488,-0.357723577,-0.756097561,-0.569105691,-0.890243902,-0.695121951,-1,-0.81300813,-0.422764228,-0.430894309,-0.630081301,-0.361788618,-0.495934959,-0.158536585,-0.37398374,-0.117886179,-0.300813008,-0.459349593,-0.495934959,-0.341463415,-0.365853659,-0.166666667,-0.24796748,-0.150406504,-0.178861789,-0.467479675,-0.353658537,-0.365853659,-0.284552846,-0.223577236,-0.178861789,-0.207317073
2,0,0,-0.230769231,0.090497738,-0.461538462,0.054298643,-0.63800905,0.004524887,-0.79638009,-0.031674208,-0.484162896,-0.285067873,-0.71040724,-0.36199095,-0.873303167,-0.443438914,-1,-0.511312217,-0.393665158,-0.357466063,-0.624434389,-0.104072398,-0.524886878,0.031674208,-0.425339367,0.036199095,-0.307692308,-0.352941176,-0.488687783,-0.045248869,-0.371040724,0.049773756,-0.280542986,0.018099548,-0.230769231,-0.298642534,-0.34841629,-0.036199095,-0.2760181,0.040723982,-0.199095023,-0.004524887
2,0,0,-0.329113924,-0.018987342,-0.594936709,-0.113924051,-0.816455696,-0.17721519,-1,-0.215189873,-0.455696203,-0.417721519,-0.518987342,-0.373417722,-0.544303797,-0.405063291,-0.563291139,-0.449367089,-0.272151899,-0.487341772,-0.35443038,-0.03164557,-0.310126582,0.018987342,-0.284810127,-0.075949367,-0.094936709,-0.436708861,-0.17721519,0.006329114,-0.158227848,0.012658228,-0.14556962,-0.094936709,0.069620253,-0.335443038,-0.012658228,0.012658228,-0.025316456,0.03164557,-0.012658228,-0.037974684
2,0,0,-0.198275862,-0.025862069,-0.301724138,-0.146551724,-0.336206897,-0.301724138,-0.405172414,-0.5,0.155172414,-0.586206897,0.534482759,-0.74137931,0.775862069,-0.836206897,1,-0.931034483,0.362068966,-0.568965517,0.594827586,-0.206896552,0.362068966,-0.051724138,0.189655172,-0.094827586,0.517241379,-0.474137931,0.672413793,-0.068965517,0.448275862,-0.00862069,0.275862069,-0.112068966,0.620689655,-0.370689655,0.715517241,-0.060344828,0.525862069,0.00862069,0.405172414,-0.060344828
2,0,0,-0.188679245,-0.044025157,-0.264150943,-0.232704403,-0.27672956,-0.402515723,-0.327044025,-0.578616352,0.125786164,-0.559748428,0.421383648,-0.773584906,0.622641509,-0.893081761,0.786163522,-1,0.289308176,-0.509433962,0.48427673,-0.339622642,0.27672956,-0.163522013,0.100628931,-0.144654088,0.402515723,-0.41509434,0.553459119,-0.232704403,0.358490566,-0.100628931,0.188679245,-0.094339623,0.477987421,-0.314465409,0.65408805,-0.264150943,0.622641509,-0.182389937,0.58490566,-0.163522013
2,0,0,-0.170124481,-0.058091286,-0.261410788,-0.2406639,-0.302904564,-0.385892116,-0.394190871,-0.514522822,-0.008298755,-0.518672199,0.132780083,-0.742738589,0.253112033,-0.87966805,0.360995851,-1,0.128630705,-0.477178423,0.257261411,-0.456431535,0.141078838,-0.265560166,0.037344398,-0.203319502,0.244813278,-0.398340249,0.348547718,-0.340248963,0.22406639,-0.190871369,0.124481328,-0.161825726,0.336099585,-0.31120332,0.43153527,-0.278008299,0.32780083,-0.178423237,0.2406639,-0.157676349
2,0,0,-0.182170543,-0.027131783,-0.341085271,-0.220930233,-0.418604651,-0.360465116,-0.531007752,-0.453488372,-0.147286822,-0.503875969,-0.112403101,-0.713178295,-0.062015504,-0.860465116,-0.007751938,-1,0.011627907,-0.534883721,0.011627907,-0.38372093,-0.050387597,-0.201550388,-0.081395349,-0.143410853,0.147286822,-0.480620155,0.124031008,-0.310077519,0.054263566,-0.170542636,0.023255814,-0.143410853,0.275193798,-0.406976744,0.248062016,-0.259689922,0.166666667,-0.151162791,0.127906977,-0.139534884
2,0,0,-0.183745583,-0.010600707,-0.38869258,-0.169611307,-0.51590106,-0.28975265,-0.653710247,-0.360424028,-0.282685512,-0.462897527,-0.339222615,-0.67844523,-0.346289753,-0.844522968,-0.346289753,-1,-0.144876325,-0.505300353,-0.197879859,-0.381625442,-0.187279152,-0.204946996,-0.176678445,-0.127208481,-0.014134276,-0.480565371,-0.070671378,-0.342756184,-0.081272085,-0.197879859,-0.081272085,-0.141342756,0.116607774,-0.438162544,0.060070671,-0.328621908,0.017667845,-0.208480565,-0.003533569,-0.166077739
2,0,0,-0.37037037,-0.013888889,-0.615740741,-0.097222222,-0.805555556,-0.175925926,-1,-0.24537037,-0.481481481,-0.351851852,-0.527777778,-0.328703704,-0.583333333,-0.467592593,-0.648148148,-0.643518519,-0.291666667,-0.430555556,-0.402777778,-0.009259259,-0.388888889,0.078703704,-0.361111111,0.041666667,-0.101851852,-0.388888889,-0.199074074,0.037037037,-0.199074074,0.069444444,-0.185185185,-0.00462963,0.074074074,-0.282407407,-0.013888889,0.050925926,-0.041666667,0.083333333,-0.032407407,0.013888889
2,0,0,-0.271653543,0.007874016,-0.523622047,-0.11023622,-0.696850394,-0.200787402,-0.874015748,-0.232283465,-0.507874016,-0.433070866,-0.724409449,-0.614173228,-0.87007874,-0.732283465,-1,-0.834645669,-0.377952756,-0.515748031,-0.543307087,-0.330708661,-0.440944882,-0.165354331,-0.342519685,-0.118110236,-0.251968504,-0.511811024,-0.401574803,-0.303149606,-0.322834646,-0.165354331,-0.236220472,-0.125984252,-0.125984252,-0.472440945,-0.251968504,-0.31496063,-0.236220472,-0.181102362,-0.192913386,-0.137795276
2,0,0,-0.210084034,0.050420168,-0.424369748,-0.021008403,-0.575630252,-0.096638655,-0.735294118,-0.113445378,-0.504201681,-0.331932773,-0.726890756,-0.487394958,-0.87394958,-0.588235294,-1,-0.68487395,-0.420168067,-0.399159664,-0.651260504,-0.31092437,-0.521008403,-0.12605042,-0.399159664,-0.075630252,-0.336134454,-0.428571429,-0.550420168,-0.306722689,-0.407563025,-0.142857143,-0.289915966,-0.117647059,-0.25210084,-0.432773109,-0.420168067,-0.319327731,-0.336134454,-0.18907563,-0.235294118,-0.163865546
3,0,0,-0.155102041,0,-0.257142857,-0.118367347,-0.110204082,-0.204081633,0.020408163,-0.318367347,-0.27755102,-0.416326531,-0.395918367,-0.583673469,-0.47755102,-0.702040816,-0.530612245,-0.824489796,-0.13877551,-0.465306122,-0.106122449,-0.67755102,-0.085714286,-0.840816327,-0.048979592,-1,-0.012244898,-0.440816327,0.06122449,-0.395918367,0.004081633,-0.232653061,-0.040816327,-0.159183673,0.093877551,-0.379591837,0.146938776,-0.306122449,0.093877551,-0.195918367,0.048979592,-0.151020408
3,0,0,-0.054607509,-0.040955631,0.034129693,-0.160409556,0.242320819,-0.235494881,0.406143345,-0.307167235,0,-0.440273038,-0.010238908,-0.662116041,-0.010238908,-0.819112628,-0.013651877,-0.972696246,0.136518771,-0.433447099,0.276450512,-0.66894198,0.395904437,-0.836177474,0.498293515,-1,0.245733788,-0.375426621,0.416382253,-0.433447099,0.409556314,-0.303754266,0.368600683,-0.228668942,0.317406143,-0.300341297,0.443686007,-0.313993174,0.423208191,-0.225255973,0.372013652,-0.156996587
3,0,0,-0.144230769,-0.038461538,-0.038461538,-0.067307692,0.278846154,-0.019230769,0.586538462,-0.009615385,0.067307692,-0.471153846,0.115384615,-0.653846154,0.259615385,-0.826923077,0.423076923,-1,0.326923077,-0.442307692,0.586538462,-0.528846154,0.682692308,-0.461538462,0.740384615,-0.442307692,0.528846154,-0.346153846,0.769230769,-0.317307692,0.653846154,-0.125,0.519230769,-0.048076923,0.653846154,-0.221153846,0.826923077,-0.115384615,0.711538462,-0.019230769,0.576923077,0
3,0,0,-0.269230769,-0.096153846,-0.346153846,-0.134615385,-0.144230769,-0.028846154,0.125,-0.028846154,-0.221153846,-0.5,-0.269230769,-0.663461538,-0.259615385,-0.807692308,-0.211538462,-1,0.057692308,-0.509615385,0.163461538,-0.576923077,0.288461538,-0.730769231,0.423076923,-0.923076923,0.288461538,-0.451923077,0.307692308,-0.240384615,0.096153846,-0.067307692,-0.038461538,-0.019230769,0.442307692,-0.288461538,0.403846154,-0.057692308,0.221153846,0.057692308,0.105769231,0.086538462
3,0,0,-0.269503546,-0.007092199,-0.468085106,0,-0.546099291,0.070921986,-0.546099291,0.127659574,-0.453900709,-0.29787234,-0.695035461,-0.397163121,-0.85106383,-0.468085106,-1,-0.560283688,-0.312056738,-0.29787234,-0.510638298,-0.375886525,-0.645390071,-0.432624113,-0.758865248,-0.531914894,-0.191489362,-0.219858156,-0.468085106,-0.056737589,-0.489361702,0.092198582,-0.453900709,0.127659574,-0.106382979,-0.085106383,-0.34751773,0.04964539,-0.397163121,0.134751773,-0.382978723,0.156028369
3,0,0,-0.170103093,0.118556701,-0.329896907,0.144329897,-0.427835052,0.180412371,-0.469072165,0.195876289,-0.463917526,-0.12371134,-0.695876289,-0.113402062,-0.845360825,-0.12371134,-0.979381443,-0.154639175,-0.402061856,-0.154639175,-0.670103093,-0.159793814,-0.855670103,-0.170103093,-1,-0.190721649,-0.324742268,-0.12371134,-0.567010309,0.036082474,-0.515463918,0.149484536,-0.432989691,0.164948454,-0.257731959,-0.036082474,-0.463917526,0.097938144,-0.453608247,0.180412371,-0.396907216,0.195876289
3,0,0,-0.191489362,0.106382979,-0.372340426,0.10106383,-0.462765957,0.085106383,-0.484042553,0.031914894,-0.478723404,-0.223404255,-0.707446809,-0.281914894,-0.856382979,-0.345744681,-0.984042553,-0.414893617,-0.39893617,-0.265957447,-0.654255319,-0.356382979,-0.840425532,-0.409574468,-1,-0.478723404,-0.29787234,-0.25,-0.563829787,-0.196808511,-0.558510638,-0.04787234,-0.5,0.015957447,-0.223404255,-0.175531915,-0.446808511,-0.10106383,-0.462765957,0.015957447,-0.425531915,0.069148936
3,0,0,-0.216080402,0.065326633,-0.427135678,0.010050251,-0.537688442,-0.060301508,-0.507537688,-0.150753769,-0.51758794,-0.341708543,-0.748743719,-0.452261307,-0.884422111,-0.527638191,-1,-0.613065327,-0.422110553,-0.396984925,-0.648241206,-0.572864322,-0.819095477,-0.683417085,-0.959798995,-0.793969849,-0.311557789,-0.376884422,-0.56281407,-0.422110553,-0.59798995,-0.256281407,-0.552763819,-0.155778894,-0.226130653,-0.301507538,-0.462311558,-0.306532663,-0.527638191,-0.185929648,-0.507537688,-0.100502513
3,0,0,-0.209090909,0.045454545,-0.4,-0.054545455,-0.459090909,-0.186363636,-0.418181818,-0.3,-0.495454545,-0.390909091,-0.690909091,-0.527272727,-0.822727273,-0.613636364,-0.927272727,-0.704545455,-0.395454545,-0.454545455,-0.540909091,-0.690909091,-0.668181818,-0.854545455,-0.759090909,-1,-0.286363636,-0.440909091,-0.459090909,-0.559090909,-0.495454545,-0.404545455,-0.463636364,-0.3,-0.190909091,-0.386363636,-0.368181818,-0.454545455,-0.409090909,-0.327272727,-0.386363636,-0.227272727
3,0,0,-0.193717277,0.041884817,-0.397905759,-0.041884817,-0.476439791,-0.120418848,-0.45026178,-0.19895288,-0.465968586,-0.408376963,-0.670157068,-0.54973822,-0.811518325,-0.643979058,-0.931937173,-0.743455497,-0.35078534,-0.465968586,-0.492146597,-0.691099476,-0.623036649,-0.848167539,-0.717277487,-1,-0.219895288,-0.439790576,-0.382198953,-0.518324607,-0.465968586,-0.382198953,-0.471204188,-0.287958115,-0.115183246,-0.376963351,-0.277486911,-0.387434555,-0.356020942,-0.272251309,-0.366492147,-0.183246073
3,0,0,-0.201612903,0.028225806,-0.362903226,0.076612903,-0.447580645,0.14516129,-0.504032258,0.221774194,-0.491935484,-0.056451613,-0.713709677,0.044354839,-0.862903226,0.10483871,-1,0.133064516,-0.407258065,-0.056451613,-0.661290323,0.060483871,-0.826612903,0.129032258,-0.983870968,0.169354839,-0.302419355,-0.004032258,-0.495967742,0.209677419,-0.443548387,0.294354839,-0.387096774,0.302419355,-0.197580645,0.076612903,-0.358870968,0.254032258,-0.362903226,0.326612903,-0.342741935,0.334677419
3,0,0,-0.170833333,0.091666667,-0.208333333,0.295833333,-0.158333333,0.475,-0.116666667,0.575,-0.2125,0.354166667,-0.220833333,0.604166667,-0.2125,0.745833333,-0.1875,0.85,-0.0625,0.366666667,-0.0375,0.683333333,-0.016666667,0.8625,0.0125,1,0.070833333,0.35,0.116666667,0.675,0.079166667,0.616666667,0.0625,0.533333333,0.195833333,0.320833333,0.2,0.575,0.154166667,0.5375,0.133333333,0.458333333
3,0,0,-0.097674419,0.227906977,0.037209302,0.455813953,0.251162791,0.609302326,0.395348837,0.665116279,0.111627907,0.437209302,0.31627907,0.725581395,0.43255814,0.893023256,0.534883721,1,0.274418605,0.325581395,0.590697674,0.637209302,0.776744186,0.851162791,0.911627907,0.995348837,0.4,0.213953488,0.71627907,0.506976744,0.651162791,0.572093023,0.558139535,0.553488372,0.479069767,0.120930233,0.697674419,0.376744186,0.646511628,0.460465116,0.56744186,0.460465116
4,0,0,-0.21761658,0,-0.409326425,-0.165803109,-0.533678756,-0.300518135,-0.678756477,-0.357512953,-0.295336788,-0.487046632,-0.393782383,-0.715025907,-0.450777202,-0.865284974,-0.492227979,-1,-0.14507772,-0.512953368,-0.170984456,-0.564766839,-0.165803109,-0.347150259,-0.150259067,-0.191709845,0.005181347,-0.487046632,-0.005181347,-0.580310881,-0.025906736,-0.393782383,-0.03626943,-0.264248705,0.150259067,-0.440414508,0.248704663,-0.601036269,0.32642487,-0.699481865,0.388601036,-0.834196891
4,0,0,-0.239361702,0.031914894,-0.478723404,-0.127659574,-0.64893617,-0.234042553,-0.803191489,-0.29787234,-0.45212766,-0.457446809,-0.60106383,-0.686170213,-0.696808511,-0.835106383,-0.771276596,-0.962765957,-0.329787234,-0.489361702,-0.462765957,-0.643617021,-0.45212766,-0.430851064,-0.39893617,-0.255319149,-0.196808511,-0.505319149,-0.29787234,-0.680851064,-0.335106383,-0.505319149,-0.340425532,-0.345744681,-0.053191489,-0.505319149,-0.04787234,-0.723404255,-0.053191489,-0.861702128,-0.063829787,-1
4,0,0,-0.182857143,0.062857143,-0.422857143,-0.034285714,-0.565714286,-0.114285714,-0.674285714,-0.171428571,-0.468571429,-0.365714286,-0.588571429,-0.577142857,-0.685714286,-0.708571429,-0.765714286,-0.817142857,-0.4,-0.422857143,-0.582857143,-0.588571429,-0.577142857,-0.428571429,-0.502857143,-0.28,-0.308571429,-0.468571429,-0.491428571,-0.622857143,-0.525714286,-0.462857143,-0.485714286,-0.308571429,-0.194285714,-0.514285714,-0.28,-0.737142857,-0.342857143,-0.874285714,-0.382857143,-1
4,0,0,-0.27480916,0.022900763,-0.549618321,-0.083969466,-0.717557252,-0.145038168,-0.854961832,-0.198473282,-0.564885496,-0.41221374,-0.748091603,-0.641221374,-0.893129771,-0.770992366,-1,-0.885496183,-0.496183206,-0.442748092,-0.778625954,-0.534351145,-0.770992366,-0.320610687,-0.671755725,-0.183206107,-0.404580153,-0.465648855,-0.671755725,-0.580152672,-0.717557252,-0.389312977,-0.679389313,-0.244274809,-0.282442748,-0.480916031,-0.41221374,-0.687022901,-0.526717557,-0.809160305,-0.641221374,-0.93129771
4,0,0,-0.106060606,0.136363636,-0.356060606,0.166666667,-0.522727273,0.181818182,-0.666666667,0.227272727,-0.537878788,-0.090909091,-0.742424242,-0.196969697,-0.878787879,-0.25,-1,-0.310606061,-0.507575758,-0.174242424,-0.71969697,-0.189393939,-0.621212121,-0.045454545,-0.5,0.053030303,-0.431818182,-0.265151515,-0.666666667,-0.303030303,-0.621212121,-0.151515152,-0.545454545,-0.037878788,-0.340909091,-0.363636364,-0.5,-0.5,-0.613636364,-0.568181818,-0.71969697,-0.643939394
4,0,0,-0.19047619,0.095238095,-0.428571429,0.095238095,-0.578231293,0.102040816,-0.707482993,0.136054422,-0.537414966,-0.129251701,-0.741496599,-0.224489796,-0.884353741,-0.272108844,-1,-0.31292517,-0.482993197,-0.183673469,-0.693877551,-0.183673469,-0.619047619,-0.020408163,-0.510204082,0.074829932,-0.401360544,-0.238095238,-0.591836735,-0.244897959,-0.56462585,-0.081632653,-0.489795918,0.027210884,-0.299319728,-0.285714286,-0.421768707,-0.408163265,-0.537414966,-0.462585034,-0.639455782,-0.523809524
4,0,0,-0.277777778,0.027777778,-0.527777778,-0.064814815,-0.731481481,-0.157407407,-1,-0.231481481,-0.333333333,-0.546296296,-0.37962963,-0.685185185,-0.416666667,-0.833333333,-0.444444444,-0.981481481,-0.083333333,-0.666666667,0.018518519,-0.314814815,0.009259259,-0.055555556,-0.046296296,0.046296296,0.148148148,-0.601851852,0.25,-0.287037037,0.166666667,-0.018518519,0.083333333,0.074074074,0.333333333,-0.462962963,0.555555556,-0.546296296,0.75,-0.583333333,0.916666667,-0.666666667
4,0,0,-0.156462585,0.020408163,-0.238095238,-0.047619048,-0.231292517,-0.142857143,-0.285714286,-0.25170068,-0.006802721,-0.476190476,0.19047619,-0.557823129,0.306122449,-0.605442177,0.408163265,-0.653061224,0.176870748,-0.489795918,0.469387755,-0.299319728,0.421768707,-0.074829932,0.306122449,0.054421769,0.333333333,-0.428571429,0.585034014,-0.265306122,0.503401361,-0.074829932,0.367346939,0.040816327,0.462585034,-0.346938776,0.700680272,-0.387755102,0.87755102,-0.387755102,1,-0.428571429
4,0,0,-0.157635468,-0.044334975,-0.231527094,-0.216748768,-0.221674877,-0.369458128,-0.275862069,-0.512315271,0.02955665,-0.527093596,0.123152709,-0.729064039,0.192118227,-0.866995074,0.256157635,-1,0.187192118,-0.497536946,0.349753695,-0.463054187,0.261083744,-0.256157635,0.157635468,-0.118226601,0.325123153,-0.433497537,0.472906404,-0.428571429,0.384236453,-0.261083744,0.290640394,-0.157635468,0.438423645,-0.36453202,0.640394089,-0.467980296,0.773399015,-0.522167488,0.901477833,-0.60591133
4,0,0,-0.161654135,-0.060150376,-0.266917293,-0.233082707,-0.315789474,-0.383458647,-0.402255639,-0.507518797,-0.060150376,-0.530075188,-0.026315789,-0.729323308,-0.003759398,-0.872180451,0.018796992,-1,0.078947368,-0.515037594,0.176691729,-0.552631579,0.12406015,-0.34962406,0.078947368,-0.19924812,0.203007519,-0.466165414,0.312030075,-0.537593985,0.255639098,-0.372180451,0.19924812,-0.259398496,0.315789474,-0.402255639,0.473684211,-0.526315789,0.582706767,-0.601503759,0.684210526,-0.703007519
4,0,0,-0.164233577,-0.054744526,-0.255474453,-0.233576642,-0.288321168,-0.394160584,-0.368613139,-0.518248175,-0.054744526,-0.510948905,-0.01459854,-0.718978102,0.01459854,-0.864963504,0.047445255,-1,0.083941606,-0.48540146,0.186131387,-0.52919708,0.138686131,-0.343065693,0.094890511,-0.204379562,0.208029197,-0.441605839,0.328467153,-0.54379562,0.317518248,-0.448905109,0.299270073,-0.383211679,0.310218978,-0.386861314,0.467153285,-0.510948905,0.576642336,-0.587591241,0.678832117,-0.689781022
4,0,0,-0.197309417,-0.004484305,-0.376681614,-0.165919283,-0.506726457,-0.304932735,-0.650224215,-0.390134529,-0.291479821,-0.443946188,-0.381165919,-0.69058296,-0.439461883,-0.852017937,-0.475336323,-1,-0.165919283,-0.461883408,-0.224215247,-0.556053812,-0.237668161,-0.34529148,-0.228699552,-0.192825112,-0.022421525,-0.452914798,-0.062780269,-0.582959641,-0.098654709,-0.408071749,-0.116591928,-0.286995516,0.107623318,-0.430493274,0.165919283,-0.605381166,0.201793722,-0.708520179,0.228699552,-0.843049327
4,0,0,-0.205882353,-0.014705882,-0.411764706,-0.176470588,-0.56372549,-0.303921569,-0.700980392,-0.367647059,-0.387254902,-0.475490196,-0.5,-0.705882353,-0.568627451,-0.843137255,-0.62745098,-0.970588235,-0.274509804,-0.504901961,-0.37254902,-0.612745098,-0.333333333,-0.397058824,-0.274509804,-0.240196078,-0.156862745,-0.514705882,-0.240196078,-0.661764706,-0.240196078,-0.485294118,-0.225490196,-0.348039216,-0.029411765,-0.509803922,-0.039215686,-0.715686275,-0.053921569,-0.852941176,-0.078431373,-1
4,0,0,-0.271604938,-0.030864198,-0.475308642,-0.197530864,-0.598765432,-0.302469136,-0.722222222,-0.395061728,-0.419753086,-0.5,-0.537037037,-0.75308642,-0.62962963,-0.882716049,-0.703703704,-1,-0.351851852,-0.518518519,-0.580246914,-0.617283951,-0.592592593,-0.413580247,-0.518518519,-0.271604938,-0.271604938,-0.518518519,-0.481481481,-0.62962963,-0.530864198,-0.450617284,-0.49382716,-0.314814815,-0.179012346,-0.512345679,-0.265432099,-0.728395062,-0.345679012,-0.858024691,-0.413580247,-0.987654321
4,0,0,-0.26875,-0.00625,-0.50625,-0.18125,-0.68125,-0.30625,-0.86875,-0.39375,-0.3875,-0.49375,-0.56875,-0.725,-0.69375,-0.86875,-0.7875,-1,-0.2375,-0.5,-0.40625,-0.525,-0.40625,-0.2875,-0.38125,-0.125,-0.09375,-0.46875,-0.225,-0.53125,-0.275,-0.31875,-0.29375,-0.1625,0.0375,-0.41875,0.05625,-0.59375,0.04375,-0.675,0.01875,-0.775
5,0.0,0.0,-0.19004524886877827,-0.058823529411764705,-0.35294117647058826,-0.18099547511312217,-0.4751131221719457,-0.27149321266968324,-0.5203619909502263,-0.38009049773755654,-0.22171945701357465,-0.4479638009049774,-0.3438914027149321,-0.5203619909502263,-0.4072398190045249,-0.4298642533936652,-0.42081447963800905,-0.334841628959276,-0.14479638009049775,-0.5158371040723982,-0.2398190045248869,-0.7104072398190046,-0.3212669683257919,-0.8461538461538461,-0.38461538461538464,-0.9638009049773756,-0.049773755656108594,-0.5248868778280543,-0.06787330316742081,-0.7330316742081447,-0.1085972850678733,-0.8778280542986425,-0.1493212669683258,-1.0,0.05429864253393665,-0.4751131221719457,0.10407239819004525,-0.6380090497737556,0.12217194570135746,-0.751131221719457,0.13122171945701358,-0.8597285067873304
5,0.0,0.0,-0.2,-0.044444444444444446,-0.36,-0.16,-0.5022222222222222,-0.23555555555555555,-0.5866666666666667,-0.3288888888888889,-0.2311111111111111,-0.4266666666666667,-0.39555555555555555,-0.4711111111111111,-0.4622222222222222,-0.35555555555555557,-0.47555555555555556,-0.24888888888888888,-0.19555555555555557,-0.49777777777777776,-0.31555555555555553,-0.6888888888888889,-0.4311111111111111,-0.8266666666666667,-0.5333333333333333,-0.9333333333333333,-0.13333333333333333,-0.5111111111111111,-0.17333333333333334,-0.7288888888888889,-0.2311111111111111,-0.88,-0.28444444444444444,-1.0,-0.06666666666666667,-0.4711111111111111,-0.044444444444444446,-0.6533333333333333,-0.044444444444444446,-0.7822222222222223,-0.04888888888888889,-0.9022222222222223
5,0.0,0.0,-0.21390374331550802,0.026737967914438502,-0.40106951871657753,-0.026737967914438502,-0.5882352941176471,-0.0374331550802139,-0.7379679144385026,-0.10160427807486631,-0.37433155080213903,-0.39037433155080214,-0.5614973262032086,-0.37967914438502676,-0.6042780748663101,-0.22994652406417113,-0.5882352941176471,-0.11764705882352941,-0.37433155080213903,-0.48128342245989303,-0.5561497326203209,-0.6631016042780749,-0.7165775401069518,-0.7647058823529411,-0.8502673796791443,-0.839572192513369,-0.3422459893048128,-0.5187165775401069,-0.46524064171123,-0.7486631016042781,-0.5775401069518716,-0.8877005347593583,-0.6684491978609626,-1.0,-0.28342245989304815,-0.5080213903743316,-0.3582887700534759,-0.7272727272727273,-0.42245989304812837,-0.8609625668449198,-0.47593582887700536,-0.9679144385026738
5,0.0,0.0,-0.21,-0.015,-0.375,-0.1,-0.525,-0.15,-0.645,-0.245,-0.295,-0.43,-0.465,-0.47,-0.54,-0.355,-0.545,-0.255,-0.285,-0.495,-0.445,-0.68,-0.595,-0.785,-0.71,-0.865,-0.255,-0.52,-0.37,-0.74,-0.475,-0.885,-0.555,-1.0,-0.22,-0.5,-0.3,-0.71,-0.36,-0.835,-0.405,-0.945
5,0.0,0.0,-0.2251655629139073,-0.06622516556291391,-0.40397350993377484,-0.18543046357615894,-0.5960264900662252,-0.23178807947019867,-0.7417218543046358,-0.304635761589404,-0.19205298013245034,-0.543046357615894,-0.48344370860927155,-0.5496688741721855,-0.609271523178808,-0.40397350993377484,-0.6225165562913907,-0.2781456953642384,-0.18543046357615894,-0.5695364238410596,-0.4900662251655629,-0.7615894039735099,-0.695364238410596,-0.8874172185430463,-0.8410596026490066,-1.0,-0.19205298013245034,-0.5496688741721855,-0.44370860927152317,-0.7549668874172185,-0.5827814569536424,-0.8741721854304636,-0.6688741721854304,-0.9801324503311258,-0.2052980132450331,-0.4900662251655629,-0.304635761589404,-0.7086092715231788,-0.3708609271523179,-0.847682119205298,-0.423841059602649,-0.9867549668874173
5,0.0,0.0,-0.2809917355371901,-0.01652892561983471,-0.5041322314049587,-0.1322314049586777,-0.6942148760330579,-0.1487603305785124,-0.8099173553719008,-0.12396694214876033,-0.371900826446281,-0.5785123966942148,-0.6611570247933884,-0.5867768595041323,-0.7603305785123967,-0.6198347107438017,-0.8264462809917356,-0.7107438016528925,-0.32231404958677684,-0.5785123966942148,-0.6942148760330579,-0.6363636363636364,-0.8760330578512396,-0.7272727272727273,-1.0,-0.8512396694214877,-0.30578512396694213,-0.5289256198347108,-0.6694214876033058,-0.48760330578512395,-0.628099173553719,-0.2975206611570248,-0.5289256198347108,-0.2066115702479339,-0.32231404958677684,-0.45454545454545453,-0.512396694214876,-0.6363636363636364,-0.628099173553719,-0.7603305785123967,-0.7272727272727273,-0.9008264462809917
5,0.0,0.0,-0.26262626262626265,0.010101010101010102,-0.47474747474747475,-0.030303030303030304,-0.6868686868686869,-0.020202020202020204,-0.8383838383838383,-0.08080808080808081,-0.25252525252525254,-0.3939393939393939,-0.494949494949495,-0.3434343434343434,-0.6060606060606061,-0.13131313131313133,-0.6565656565656566,0.050505050505050504,-0.1414141414141414,-0.42424242424242425,-0.36363636363636365,-0.6767676767676768,-0.6161616161616161,-0.8383838383838383,-0.8383838383838383,-0.98989898989899,-0.010101010101010102,-0.36363636363636365,-0.08080808080808081,-0.6464646464646465,-0.21212121212121213,-0.8282828282828283,-0.31313131313131315,-1.0,0.1111111111111111,-0.25252525252525254,0.15151515151515152,-0.45454545454545453,0.16161616161616163,-0.5959595959595959,0.18181818181818182,-0.7373737373737373
5,0.0,0.0,-0.12048192771084337,-0.1927710843373494,-0.18674698795180722,-0.3855421686746988,-0.25301204819277107,-0.5240963855421686,-0.2469879518072289,-0.6506024096385542,0.06626506024096386,-0.5060240963855421,0.030120481927710843,-0.6746987951807228,-0.09036144578313253,-0.6506024096385542,-0.1746987951807229,-0.5903614457831325,0.15060240963855423,-0.4939759036144578,0.18674698795180722,-0.7108433734939759,0.18072289156626506,-0.8674698795180723,0.1746987951807229,-1.0,0.21084337349397592,-0.42771084337349397,0.29518072289156627,-0.6144578313253012,0.3313253012048193,-0.7590361445783133,0.3493975903614458,-0.8855421686746988,0.2469879518072289,-0.3132530120481928,0.3674698795180723,-0.43373493975903615,0.4397590361445783,-0.5240963855421686,0.5,-0.6204819277108434
5,0.0,0.0,-0.13548387096774195,-0.17419354838709677,-0.1935483870967742,-0.4,-0.16129032258064516,-0.5741935483870968,-0.01935483870967742,-0.6258064516129033,0.15483870967741936,-0.5419354838709678,0.17419354838709677,-0.6967741935483871,0.10967741935483871,-0.6709677419354839,0.04516129032258064,-0.6,0.3096774193548387,-0.5161290322580645,0.4129032258064516,-0.7290322580645161,0.49032258064516127,-0.8709677419354839,0.5612903225806452,-1.0,0.4258064516129032,-0.4258064516129032,0.5612903225806452,-0.6387096774193548,0.6516129032258065,-0.7677419354838709,0.7290322580645161,-0.8903225806451613,0.5161290322580645,-0.27741935483870966,0.6774193548387096,-0.3935483870967742,0.7806451612903226,-0.47096774193548385,0.8709677419354839,-0.5483870967741935
5,0.0,0.0,-0.1542056074766355,-0.1308411214953271,-0.24766355140186916,-0.3177570093457944,-0.2850467289719626,-0.48598130841121495,-0.21962616822429906,-0.5934579439252337,0.028037383177570093,-0.49065420560747663,0.014018691588785047,-0.6542056074766355,-0.06074766355140187,-0.6401869158878505,-0.12149532710280374,-0.5841121495327103,0.1542056074766355,-0.5046728971962616,0.17757009345794392,-0.705607476635514,0.20093457943925233,-0.8644859813084113,0.21962616822429906,-1.0,0.26635514018691586,-0.45794392523364486,0.3317757009345794,-0.6635514018691588,0.37383177570093457,-0.8037383177570093,0.40186915887850466,-0.9299065420560748,0.3691588785046729,-0.3598130841121495,0.48598130841121495,-0.4953271028037383,0.5607476635514018,-0.5841121495327103,0.616822429906542,-0.6728971962616822
5,0.0,0.0,-0.17154811715481172,-0.11715481171548117,-0.28870292887029286,-0.29707112970711297,-0.34309623430962344,-0.4602510460251046,-0.27615062761506276,-0.5690376569037657,-0.03347280334728033,-0.497907949790795,-0.08368200836820083,-0.6443514644351465,-0.15481171548117154,-0.6108786610878661,-0.20502092050209206,-0.5355648535564853,0.09205020920502092,-0.5271966527196653,0.09623430962343096,-0.7280334728033473,0.09623430962343096,-0.8786610878661087,0.09623430962343096,-1.0,0.20920502092050208,-0.4895397489539749,0.2510460251046025,-0.702928870292887,0.27615062761506276,-0.8451882845188284,0.2928870292887029,-0.9623430962343096,0.3179916317991632,-0.40585774058577406,0.41841004184100417,-0.5481171548117155,0.48535564853556484,-0.6527196652719666,0.5355648535564853,-0.7489539748953975
5,0.0,0.0,-0.18503937007874016,-0.11023622047244094,-0.3031496062992126,-0.27165354330708663,-0.3700787401574803,-0.42913385826771655,-0.3228346456692913,-0.562992125984252,-0.06299212598425197,-0.4645669291338583,-0.11811023622047244,-0.6181102362204725,-0.19291338582677164,-0.6023622047244095,-0.24803149606299213,-0.531496062992126,0.051181102362204724,-0.5196850393700787,0.031496062992125984,-0.7204724409448819,0.003937007874015748,-0.8779527559055118,-0.023622047244094488,-1.0,0.16535433070866143,-0.5039370078740157,0.20078740157480315,-0.7125984251968503,0.21653543307086615,-0.8622047244094488,0.21653543307086615,-0.9763779527559056,0.27165354330708663,-0.4448818897637795,0.3661417322834646,-0.5984251968503937,0.4251968503937008,-0.7047244094488189,0.46062992125984253,-0.7992125984251969
5,0.0,0.0,-0.16806722689075632,-0.07563025210084033,-0.2773109243697479,-0.21428571428571427,-0.38235294117647056,-0.31932773109243695,-0.4327731092436975,-0.453781512605042,-0.07142857142857142,-0.4327731092436975,-0.21428571428571427,-0.5462184873949579,-0.3277310924369748,-0.4831932773109244,-0.3739495798319328,-0.3907563025210084,-0.02100840336134454,-0.5,-0.09243697478991597,-0.7058823529411765,-0.17647058823529413,-0.8487394957983193,-0.25210084033613445,-0.957983193277311,0.037815126050420166,-0.5126050420168067,0.05042016806722689,-0.7184873949579832,0.029411764705882353,-0.8739495798319328,0.008403361344537815,-1.0,0.08823529411764706,-0.4789915966386555,0.13445378151260504,-0.6554621848739496,0.14285714285714285,-0.7815126050420168,0.14705882352941177,-0.8949579831932774
5,0.0,0.0,-0.19,-0.055,-0.285,-0.185,-0.385,-0.26,-0.455,-0.37,-0.075,-0.47,-0.275,-0.555,-0.39,-0.46,-0.435,-0.345,-0.055,-0.515,-0.19,-0.725,-0.295,-0.865,-0.39,-0.97,-0.035,-0.51,-0.095,-0.735,-0.15,-0.89,-0.195,-1.0,-0.045,-0.46,-0.065,-0.655,-0.095,-0.79,-0.12,-0.9
5,0.0,0.0,-0.18303571428571427,-0.08928571428571429,-0.33035714285714285,-0.21875,-0.45535714285714285,-0.3080357142857143,-0.49107142857142855,-0.41517857142857145,-0.17410714285714285,-0.48214285714285715,-0.27232142857142855,-0.625,-0.35714285714285715,-0.5491071428571429,-0.39285714285714285,-0.45089285714285715,-0.07589285714285714,-0.5267857142857143,-0.13839285714285715,-0.7321428571428571,-0.22321428571428573,-0.8660714285714286,-0.29464285714285715,-0.9866071428571429,0.04017857142857143,-0.5044642857142857,0.04017857142857143,-0.7232142857142857,0.004464285714285714,-0.875,-0.026785714285714284,-1.0,0.15178571428571427,-0.41964285714285715,0.23660714285714285,-0.5848214285714286,0.28125,-0.7053571428571429,0.3169642857142857,-0.8214285714285714
5,0.0,0.0,-0.060240963855421686,-0.13855421686746988,-0.15060240963855423,-0.29518072289156627,-0.27710843373493976,-0.37349397590361444,-0.40963855421686746,-0.3855421686746988,-0.018072289156626505,-0.4397590361445783,-0.18072289156626506,-0.5481927710843374,-0.25301204819277107,-0.46987951807228917,-0.27710843373493976,-0.4036144578313253,-0.060240963855421686,-0.42168674698795183,-0.21084337349397592,-0.6927710843373494,-0.3132530120481928,-0.8614457831325302,-0.39156626506024095,-1.0,-0.12048192771084337,-0.3795180722891566,-0.27710843373493976,-0.6144578313253012,-0.3433734939759036,-0.7650602409638554,-0.3855421686746988,-0.8734939759036144,-0.18072289156626506,-0.3253012048192771,-0.29518072289156627,-0.4457831325301205,-0.3253012048192771,-0.46987951807228917,-0.3313253012048193,-0.4819277108433735
5,0.0,0.0,-0.21705426356589147,0.007751937984496124,-0.32558139534883723,-0.08527131782945736,-0.4418604651162791,-0.14728682170542637,-0.4883720930232558,-0.24806201550387597,-0.10077519379844961,-0.4186046511627907,-0.2713178294573643,-0.46511627906976744,-0.3643410852713178,-0.37209302325581395,-0.40310077519379844,-0.26356589147286824,-0.07751937984496124,-0.5038759689922481,-0.21705426356589147,-0.6744186046511628,-0.32558139534883723,-0.7674418604651163,-0.3953488372093023,-0.8372093023255814,-0.06976744186046512,-0.5581395348837209,-0.16279069767441862,-0.7674418604651163,-0.24031007751937986,-0.8992248062015504,-0.29457364341085274,-1.0,-0.07751937984496124,-0.5658914728682171,-0.13953488372093023,-0.7751937984496124,-0.18604651162790697,-0.8992248062015504,-0.2248062015503876,-1.0
5,0.0,0.0,-0.21232876712328766,-0.03424657534246575,-0.3424657534246575,-0.1232876712328767,-0.4863013698630137,-0.17123287671232876,-0.6095890410958904,-0.2602739726027397,-0.1232876712328767,-0.4931506849315068,-0.3493150684931507,-0.5,-0.4726027397260274,-0.3698630136986301,-0.5068493150684932,-0.2534246575342466,-0.14383561643835616,-0.5684931506849316,-0.273972602739726,-0.7534246575342466,-0.3493150684931507,-0.8287671232876712,-0.3972602739726027,-0.8835616438356164,-0.18493150684931506,-0.589041095890411,-0.273972602739726,-0.815068493150685,-0.3424657534246575,-0.9178082191780822,-0.3835616438356164,-1.0,-0.2465753424657534,-0.5684931506849316,-0.2876712328767123,-0.7671232876712328,-0.3150684931506849,-0.8835616438356164,-0.3287671232876712,-0.9931506849315068
5,0.0,0.0,-0.23880597014925373,-0.05223880597014925,-0.417910447761194,-0.1417910447761194,-0.5671641791044776,-0.13432835820895522,-0.6716417910447762,-0.13432835820895522,-0.3805970149253731,-0.5522388059701493,-0.6119402985074627,-0.7089552238805971,-0.7761194029850746,-0.8134328358208955,-0.9104477611940298,-0.8880597014925373,-0.3880597014925373,-0.5298507462686567,-0.6417910447761194,-0.7611940298507462,-0.8283582089552238,-0.9029850746268657,-0.9925373134328358,-1.0,-0.417910447761194,-0.44776119402985076,-0.6791044776119403,-0.5671641791044776,-0.7835820895522388,-0.6716417910447762,-0.835820895522388,-0.7761194029850746,-0.4552238805970149,-0.3283582089552239,-0.6567164179104478,-0.30597014925373134,-0.6194029850746269,-0.21641791044776118,-0.5447761194029851,-0.15671641791044777
5,0.0,0.0,-0.24475524475524477,0.027972027972027972,-0.42657342657342656,-0.06993006993006994,-0.5734265734265734,-0.09090909090909091,-0.6923076923076923,-0.13986013986013987,-0.34265734265734266,-0.4825174825174825,-0.5594405594405595,-0.4405594405594406,-0.6013986013986014,-0.26573426573426573,-0.5944055944055944,-0.11188811188811189,-0.3356643356643357,-0.5104895104895105,-0.6013986013986014,-0.7132867132867133,-0.8041958041958042,-0.8391608391608392,-0.972027972027972,-0.9370629370629371,-0.34265734265734266,-0.4965034965034965,-0.5664335664335665,-0.7272727272727273,-0.7272727272727273,-0.8811188811188811,-0.8531468531468531,-1.0,-0.34965034965034963,-0.43356643356643354,-0.5174825174825175,-0.6363636363636364,-0.6363636363636364,-0.7622377622377622,-0.7272727272727273,-0.8671328671328671
5,0.0,0.0,-0.22818791946308725,0.026845637583892617,-0.3825503355704698,-0.0738255033557047,-0.5167785234899329,-0.10738255033557047,-0.6510067114093959,-0.14093959731543623,-0.30201342281879195,-0.48322147651006714,-0.5436241610738255,-0.5503355704697986,-0.6711409395973155,-0.46308724832214765,-0.7583892617449665,-0.3825503355704698,-0.31543624161073824,-0.4899328859060403,-0.6040268456375839,-0.6912751677852349,-0.8187919463087249,-0.8187919463087249,-1.0,-0.9194630872483222,-0.348993288590604,-0.44966442953020136,-0.610738255033557,-0.6711409395973155,-0.785234899328859,-0.8187919463087249,-0.9261744966442953,-0.9194630872483222,-0.40268456375838924,-0.37583892617449666,-0.5906040268456376,-0.5771812080536913,-0.7046979865771812,-0.7046979865771812,-0.8053691275167785,-0.7919463087248322
5,0.0,0.0,-0.23076923076923078,0.038461538461538464,-0.40384615384615385,-0.057692307692307696,-0.5384615384615384,-0.09615384615384616,-0.6474358974358975,-0.10897435897435898,-0.3333333333333333,-0.4166666666666667,-0.5641025641025641,-0.532051282051282,-0.6987179487179487,-0.5128205128205128,-0.7948717948717948,-0.4935897435897436,-0.32051282051282054,-0.4358974358974359,-0.6025641025641025,-0.6410256410256411,-0.8269230769230769,-0.7564102564102564,-1.0,-0.8461538461538461,-0.3269230769230769,-0.41025641025641024,-0.5897435897435898,-0.6089743589743589,-0.7692307692307693,-0.7371794871794872,-0.8974358974358975,-0.8333333333333334,-0.3525641025641026,-0.358974358974359,-0.5641025641025641,-0.5064102564102564,-0.6794871794871795,-0.5833333333333334,-0.7564102564102564,-0.6346153846153846
5,0.0,0.0,-0.21935483870967742,0.0,-0.3870967741935484,-0.0967741935483871,-0.5096774193548387,-0.12903225806451613,-0.6129032258064516,-0.12903225806451613,-0.3096774193548387,-0.4645161290322581,-0.5419354838709678,-0.5225806451612903,-0.6451612903225806,-0.4258064516129032,-0.7096774193548387,-0.3548387096774194,-0.32903225806451614,-0.4645161290322581,-0.6193548387096774,-0.6645161290322581,-0.832258064516129,-0.7806451612903226,-1.0,-0.8838709677419355,-0.36129032258064514,-0.41935483870967744,-0.6258064516129033,-0.6129032258064516,-0.7935483870967742,-0.7612903225806451,-0.9161290322580645,-0.8774193548387097,-0.4129032258064516,-0.33548387096774196,-0.6064516129032258,-0.4838709677419355,-0.7032258064516129,-0.5612903225806452,-0.7677419354838709,-0.6258064516129033
5,0.0,0.0,-0.2483221476510067,0.006711409395973154,-0.4228187919463087,-0.08053691275167785,-0.5637583892617449,-0.10067114093959731,-0.6711409395973155,-0.1476510067114094,-0.3422818791946309,-0.4966442953020134,-0.5838926174496645,-0.4161073825503356,-0.5838926174496645,-0.2214765100671141,-0.5100671140939598,-0.08053691275167785,-0.348993288590604,-0.5302013422818792,-0.6442953020134228,-0.6711409395973155,-0.8389261744966443,-0.7718120805369127,-1.0,-0.8456375838926175,-0.3624161073825503,-0.5033557046979866,-0.5973154362416108,-0.7248322147651006,-0.7651006711409396,-0.8523489932885906,-0.8993288590604027,-0.9395973154362416,-0.3825503355704698,-0.4228187919463087,-0.5570469798657718,-0.6375838926174496,-0.6845637583892618,-0.7718120805369127,-0.7919463087248322,-0.8859060402684564
6,0.0,0.0,-0.16532258064516128,-0.036290322580645164,-0.29435483870967744,-0.1935483870967742,-0.13709677419354838,-0.33064516129032256,0.008064516129032258,-0.3911290322580645,-0.31451612903225806,-0.4314516129032258,-0.4435483870967742,-0.5645161290322581,-0.5201612903225806,-0.6653225806451613,-0.5887096774193549,-0.7540322580645161,-0.1814516129032258,-0.4959677419354839,-0.22580645161290322,-0.7137096774193549,-0.2701612903225806,-0.8709677419354839,-0.29838709677419356,-1.0,-0.04435483870967742,-0.49193548387096775,-0.04032258064516129,-0.6935483870967742,-0.04838709677419355,-0.8508064516129032,-0.06048387096774194,-0.9919354838709677,0.08064516129032258,-0.4314516129032258,0.17338709677419356,-0.5725806451612904,0.22983870967741934,-0.6733870967741935,0.28225806451612906,-0.7862903225806451
6,0.0,0.0,-0.1337579617834395,-0.07643312101910828,-0.20382165605095542,-0.2356687898089172,-0.01910828025477707,-0.321656050955414,0.12738853503184713,-0.37579617834394907,-0.15605095541401273,-0.4585987261146497,-0.23248407643312102,-0.6178343949044586,-0.2802547770700637,-0.7261146496815286,-0.321656050955414,-0.8248407643312102,-0.012738853503184714,-0.4872611464968153,0.0,-0.7101910828025477,0.009554140127388535,-0.8662420382165605,0.022292993630573247,-1.0,0.11146496815286625,-0.45222929936305734,0.17834394904458598,-0.643312101910828,0.21337579617834396,-0.7929936305732485,0.24203821656050956,-0.9267515923566879,0.21019108280254778,-0.36942675159235666,0.3248407643312102,-0.4840764331210191,0.4012738853503185,-0.5700636942675159,0.4713375796178344,-0.6656050955414012
6,0.0,0.0,-0.17424242424242425,-0.022727272727272728,-0.3181818181818182,-0.16287878787878787,-0.2196969696969697,-0.29545454545454547,-0.08333333333333333,-0.3560606060606061,-0.32954545454545453,-0.42045454545454547,-0.4810606060606061,-0.5833333333333334,-0.5757575757575758,-0.696969696969697,-0.6515151515151515,-0.7992424242424242,-0.21212121212121213,-0.4734848484848485,-0.2765151515151515,-0.7045454545454546,-0.32954545454545453,-0.8674242424242424,-0.36742424242424243,-1.0,-0.10227272727272728,-0.4621212121212121,-0.10606060606060606,-0.6704545454545454,-0.13636363636363635,-0.8333333333333334,-0.16287878787878787,-0.9772727272727273,0.003787878787878788,-0.3939393939393939,0.08333333333333333,-0.553030303030303,0.125,-0.6628787878787878,0.15151515151515152,-0.7689393939393939
6,0.0,0.0,-0.2072072072072072,-0.009009009009009009,-0.36036036036036034,-0.12162162162162163,-0.3783783783783784,-0.25675675675675674,-0.2927927927927928,-0.32432432432432434,-0.42342342342342343,-0.4009009009009009,-0.5900900900900901,-0.527027027027027,-0.6981981981981982,-0.5990990990990991,-0.7792792792792793,-0.6621621621621622,-0.35135135135135137,-0.45045045045045046,-0.46396396396396394,-0.7027027027027027,-0.5540540540540541,-0.8603603603603603,-0.6171171171171171,-1.0,-0.26126126126126126,-0.4369369369369369,-0.3333333333333333,-0.6711711711711712,-0.3963963963963964,-0.8333333333333334,-0.44144144144144143,-0.990990990990991,-0.15765765765765766,-0.3783783783783784,-0.17567567567567569,-0.5495495495495496,-0.19369369369369369,-0.6621621621621622,-0.20270270270270271,-0.7747747747747747
6,0.0,0.0,-0.17073170731707318,0.00975609756097561,-0.3024390243902439,-0.08292682926829269,-0.33658536585365856,-0.18536585365853658,-0.3170731707317073,-0.24878048780487805,-0.34146341463414637,-0.4,-0.4585365853658537,-0.5804878048780487,-0.5365853658536586,-0.7121951219512195,-0.6048780487804878,-0.8390243902439024,-0.2926829268292683,-0.4292682926829268,-0.4097560975609756,-0.6585365853658537,-0.4878048780487805,-0.8292682926829268,-0.551219512195122,-1.0,-0.23414634146341465,-0.4097560975609756,-0.33658536585365856,-0.624390243902439,-0.4146341463414634,-0.775609756097561,-0.4682926829268293,-0.926829268292683,-0.16585365853658537,-0.35121951219512193,-0.22439024390243903,-0.5073170731707317,-0.2682926829268293,-0.6048780487804878,-0.3024390243902439,-0.7073170731707317
6,0.0,0.0,-0.16923076923076924,-0.05128205128205128,-0.3282051282051282,-0.08205128205128205,-0.4512820512820513,-0.07692307692307693,-0.5333333333333333,-0.05641025641025641,-0.4,-0.2358974358974359,-0.6410256410256411,-0.30256410256410254,-0.8102564102564103,-0.3641025641025641,-0.9487179487179487,-0.4205128205128205,-0.37435897435897436,-0.18461538461538463,-0.6461538461538462,-0.27692307692307694,-0.8461538461538461,-0.3487179487179487,-1.0,-0.4153846153846154,-0.3384615384615385,-0.09743589743589744,-0.5692307692307692,-0.18461538461538463,-0.7384615384615385,-0.2564102564102564,-0.8769230769230769,-0.31794871794871793,-0.29743589743589743,0.020512820512820513,-0.4512820512820513,-0.041025641025641026,-0.5743589743589743,-0.08205128205128205,-0.676923076923077,-0.11794871794871795
6,0.0,0.0,-0.1415525114155251,-0.0684931506849315,-0.2968036529680365,-0.0639269406392694,-0.3926940639269406,-0.0091324200913242,-0.4383561643835616,0.0593607305936073,-0.4063926940639269,-0.0684931506849315,-0.6621004566210046,-0.0228310502283105,-0.821917808219178,0.0045662100456621,-0.9452054794520548,0.0273972602739726,-0.3744292237442922,0.0,-0.6529680365296804,0.0365296803652968,-0.8493150684931506,0.0684931506849315,-1.0,0.091324200913242,-0.319634703196347,0.091324200913242,-0.5662100456621004,0.1324200913242009,-0.7488584474885844,0.1552511415525114,-0.8904109589041096,0.1689497716894977,-0.2420091324200913,0.1917808219178082,-0.4063926940639269,0.2602739726027397,-0.5159817351598174,0.3059360730593607,-0.6118721461187214,0.3424657534246575
6,0.0,0.0,-0.20754716981132076,-0.07547169811320754,-0.2830188679245283,-0.23270440251572327,-0.23270440251572327,-0.3836477987421384,-0.1761006289308176,-0.4968553459119497,-0.37735849056603776,-0.44025157232704404,-0.5723270440251572,-0.6415094339622641,-0.7044025157232704,-0.7610062893081762,-0.8176100628930818,-0.8616352201257862,-0.2641509433962264,-0.4339622641509434,-0.33962264150943394,-0.6792452830188679,-0.39622641509433965,-0.8490566037735849,-0.44654088050314467,-1.0,-0.12578616352201258,-0.37735849056603776,-0.13836477987421383,-0.5660377358490566,-0.16981132075471697,-0.7358490566037735,-0.2138364779874214,-0.89937106918239,0.018867924528301886,-0.27044025157232704,0.10062893081761007,-0.34591194968553457,0.15723270440251572,-0.4025157232704403,0.20125786163522014,-0.46540880503144655
6,0.0,0.0,-0.16228070175438597,-0.08333333333333333,-0.2324561403508772,-0.2631578947368421,-0.03070175438596491,-0.2850877192982456,0.10964912280701754,-0.2719298245614035,-0.19298245614035087,-0.47368421052631576,-0.29385964912280704,-0.6359649122807017,-0.3508771929824561,-0.7543859649122807,-0.40350877192982454,-0.8596491228070176,-0.013157894736842105,-0.4868421052631579,0.017543859649122806,-0.7105263157894737,0.04824561403508772,-0.8640350877192983,0.08333333333333333,-1.0,0.14473684210526316,-0.42543859649122806,0.2324561403508772,-0.6228070175438597,0.2850877192982456,-0.7719298245614035,0.32894736842105265,-0.9122807017543859,0.2719298245614035,-0.31140350877192985,0.4342105263157895,-0.3815789473684211,0.5482456140350878,-0.4342105263157895,0.6535087719298246,-0.5043859649122807
6,0.0,0.0,-0.18660287081339713,-0.1339712918660287,-0.22009569377990432,-0.40669856459330145,-0.07655502392344497,-0.5598086124401914,0.004784688995215311,-0.7033492822966507,-0.05741626794258373,-0.507177033492823,-0.0430622009569378,-0.6746411483253588,-0.028708133971291867,-0.7894736842105263,-0.004784688995215311,-0.8995215311004785,0.12440191387559808,-0.4688995215311005,0.24880382775119617,-0.6889952153110048,0.3397129186602871,-0.8516746411483254,0.44019138755980863,-1.0,0.2727272727272727,-0.37799043062200954,0.41626794258373206,-0.5598086124401914,0.48325358851674644,-0.7177033492822966,0.5358851674641149,-0.8660287081339713,0.3827751196172249,-0.24880382775119617,0.5741626794258373,-0.33014354066985646,0.7272727272727273,-0.3875598086124402,0.8851674641148325,-0.46411483253588515
6,0.0,0.0,-0.15677966101694915,0.029661016949152543,-0.2033898305084746,-0.08050847457627118,-0.00847457627118644,-0.18220338983050846,0.15677966101694915,-0.3135593220338983,-0.211864406779661,-0.3050847457627119,-0.16101694915254236,-0.4279661016949153,-0.1271186440677966,-0.559322033898305,-0.07203389830508475,-0.6864406779661016,-0.0211864406779661,-0.3855932203389831,0.1059322033898305,-0.597457627118644,0.1864406779661017,-0.7966101694915254,0.2796610169491525,-1.0,0.1483050847457627,-0.4067796610169492,0.3516949152542373,-0.5677966101694916,0.4533898305084746,-0.7288135593220338,0.5466101694915254,-0.902542372881356,0.2754237288135593,-0.3686440677966102,0.4279661016949153,-0.4661016949152542,0.5,-0.5211864406779662,0.576271186440678,-0.5847457627118644
6,0.0,0.0,-0.16044776119402984,0.011194029850746268,-0.208955223880597,-0.12686567164179105,-0.041044776119402986,-0.22761194029850745,0.10074626865671642,-0.30970149253731344,-0.19776119402985073,-0.3619402985074627,-0.22388059701492538,-0.5111940298507462,-0.23134328358208955,-0.6380597014925373,-0.24253731343283583,-0.7611940298507462,-0.041044776119402986,-0.417910447761194,0.029850746268656716,-0.6417910447761194,0.06716417910447761,-0.8246268656716418,0.11194029850746269,-1.0,0.09701492537313433,-0.39925373134328357,0.19029850746268656,-0.6082089552238806,0.2126865671641791,-0.7761194029850746,0.22388059701492538,-0.9365671641791045,0.21641791044776118,-0.332089552238806,0.3694029850746269,-0.44029850746268656,0.47761194029850745,-0.5111940298507462,0.5783582089552238,-0.5932835820895522
6,0.0,0.0,-0.15658362989323843,-0.07829181494661921,-0.2491103202846975,-0.2526690391459075,-0.1103202846975089,-0.33451957295373663,0.028469750889679714,-0.3309608540925267,-0.20640569395017794,-0.4377224199288256,-0.30604982206405695,-0.594306049822064,-0.3665480427046263,-0.7046263345195729,-0.4199288256227758,-0.800711743772242,-0.07829181494661921,-0.4626334519572954,-0.099644128113879,-0.6868327402135231,-0.11387900355871886,-0.8505338078291815,-0.12455516014234876,-1.0,0.03558718861209965,-0.4234875444839858,0.07473309608540925,-0.6227758007117438,0.08896797153024912,-0.7829181494661922,0.09608540925266904,-0.9288256227758007,0.13167259786476868,-0.33451957295373663,0.24555160142348753,-0.4483985765124555,0.3238434163701068,-0.5338078291814946,0.3914590747330961,-0.6334519572953736
6,0.0,0.0,-0.15476190476190477,-0.03571428571428571,-0.27380952380952384,-0.17857142857142858,-0.20238095238095238,-0.28174603174603174,-0.08333333333333333,-0.2857142857142857,-0.2777777777777778,-0.4166666666666667,-0.4126984126984127,-0.5793650793650794,-0.49603174603174605,-0.6825396825396826,-0.5674603174603174,-0.7738095238095238,-0.17063492063492064,-0.4603174603174603,-0.23809523809523808,-0.6944444444444444,-0.29365079365079366,-0.8531746031746031,-0.3373015873015873,-1.0,-0.06349206349206349,-0.4444444444444444,-0.07936507936507936,-0.6587301587301587,-0.1111111111111111,-0.8134920634920635,-0.1388888888888889,-0.9642857142857143,0.03571428571428571,-0.376984126984127,0.09126984126984126,-0.5238095238095238,0.11904761904761904,-0.6309523809523809,0.14285714285714285,-0.746031746031746
6,0.0,0.0,-0.03225806451612903,-0.05913978494623656,0.0,-0.0913978494623656,0.04838709677419355,-0.026881720430107527,0.17204301075268819,0.06989247311827956,0.27956989247311825,-0.1774193548387097,0.42473118279569894,-0.26881720430107525,0.5860215053763441,-0.3279569892473118,0.7580645161290323,-0.3978494623655914,0.40860215053763443,-0.10752688172043011,0.5913978494623656,-0.1774193548387097,0.7741935483870968,-0.23118279569892472,1.0,-0.3010752688172043,0.46236559139784944,-0.021505376344086023,0.40860215053763443,-0.053763440860215055,0.21505376344086022,-0.07526881720430108,0.13978494623655913,-0.0967741935483871,0.44086021505376344,0.06989247311827956,0.3333333333333333,0.010752688172043012,0.1774193548387097,-0.021505376344086023,0.10215053763440861,-0.03763440860215054
6,0.0,0.0,-0.18627450980392157,-0.024509803921568627,-0.3333333333333333,-0.14705882352941177,-0.28431372549019607,-0.2549019607843137,-0.1715686274509804,-0.30392156862745096,-0.36764705882352944,-0.43137254901960786,-0.5245098039215687,-0.5637254901960784,-0.6323529411764706,-0.6568627450980392,-0.7156862745098039,-0.7450980392156863,-0.27941176470588236,-0.46568627450980393,-0.3627450980392157,-0.6911764705882353,-0.4362745098039216,-0.8529411764705882,-0.4852941176470588,-1.0,-0.18137254901960784,-0.4264705882352941,-0.23039215686274508,-0.6274509803921569,-0.28431372549019607,-0.7794117647058824,-0.3284313725490196,-0.9313725490196079,-0.0784313725490196,-0.3284313725490196,-0.06862745098039216,-0.4803921568627451,-0.06862745098039216,-0.5784313725490197,-0.06862745098039216,-0.6862745098039216
6,0.0,0.0,-0.2019704433497537,0.04433497536945813,-0.4088669950738916,-0.04926108374384237,-0.4039408866995074,-0.21674876847290642,-0.29064039408866993,-0.32019704433497537,-0.5221674876847291,-0.35467980295566504,-0.729064039408867,-0.46798029556650245,-0.8719211822660099,-0.5467980295566502,-0.9802955665024631,-0.625615763546798,-0.4433497536945813,-0.4482758620689655,-0.6009852216748769,-0.6748768472906403,-0.729064039408867,-0.8325123152709359,-0.8177339901477833,-0.9655172413793104,-0.33497536945812806,-0.46798029556650245,-0.43842364532019706,-0.6945812807881774,-0.541871921182266,-0.8571428571428571,-0.625615763546798,-1.0,-0.20689655172413793,-0.43349753694581283,-0.22167487684729065,-0.6354679802955665,-0.24630541871921183,-0.7733990147783252,-0.270935960591133,-0.9014778325123153
